category|merchant_name
gas_transport|randomized_Tillman, Dickinson and Labadie
gas_transport|randomized_Kuvalis Ltd
gas_transport|randomized_Robel, Cummerata and Prosacco
gas_transport|randomized_Bernhard Inc
gas_transport|randomized_Kling Inc
gas_transport|randomized_Rodriguez Group
gas_transport|randomized_Brekke and Sons
gas_transport|randomized_Raynor, Reinger and Hagenes
gas_transport|randomized_Erdman-Kertzmann
gas_transport|randomized_Bartoletti-Wunsch
gas_transport|randomized_Schaefer, Maggio and Daugherty
gas_transport|randomized_Streich, Hansen and Veum
gas_transport|randomized_Friesen-D'Amore
gas_transport|randomized_Parisian and Sons
gas_transport|randomized_Schaefer, McGlynn and Bosco
gas_transport|randomized_Reilly, Heaney and Cole
gas_transport|randomized_Bins-Rice
gas_transport|randomized_Prohaska-Murray
gas_transport|randomized_Kutch LLC
gas_transport|randomized_Corwin-Collins
gas_transport|randomized_Sporer Inc
gas_transport|randomized_Heller-Langosh
gas_transport|randomized_Torp-Labadie
gas_transport|randomized_Eichmann, Bogan and Rodriguez
gas_transport|randomized_Stroman, Hudson and Erdman
gas_transport|randomized_Cummings LLC
gas_transport|randomized_Greenholt, Jacobi and Gleason
gas_transport|randomized_Mraz-Herzog
gas_transport|randomized_Olson, Becker and Koch
gas_transport|randomized_Raynor, Feest and Miller
gas_transport|randomized_Ledner-Pfannerstill
gas_transport|randomized_Cummerata-Jones
gas_transport|randomized_Emard Inc
gas_transport|randomized_Luettgen PLC
gas_transport|randomized_Huels-Nolan
gas_transport|randomized_Zieme, Bode and Dooley
gas_transport|randomized_Conroy-Cruickshank
gas_transport|randomized_Harber Inc
gas_transport|randomized_Koss and Sons
gas_transport|randomized_Kutch, Hermiston and Farrell
gas_transport|randomized_Huels-Hahn
gas_transport|randomized_Harris Inc
gas_transport|randomized_Connelly, Reichert and Fritsch
gas_transport|randomized_Lind, Huel and McClure
gas_transport|randomized_Schmitt Inc
gas_transport|randomized_Marks Inc
gas_transport|randomized_Berge LLC
gas_transport|randomized_Christiansen, Goyette and Schamberger
gas_transport|randomized_Friesen-Stamm
gas_transport|randomized_Jenkins, Hauck and Friesen
grocery_net|randomized_Hills-Olson
grocery_net|randomized_VonRueden Group
grocery_net|randomized_Murray Ltd
grocery_net|randomized_Bernier, Streich and Jewess
grocery_net|randomized_Kohler, Lindgren and Koelpin
grocery_net|randomized_Harris, Gusikowski and Heaney
grocery_net|randomized_Wiegand-Lowe
grocery_net|randomized_Ortiz Group
grocery_net|randomized_Paucek-Wiza
grocery_net|randomized_Roob LLC
grocery_net|randomized_Bahringer-Larson
grocery_net|randomized_McCullough Group
grocery_net|randomized_Shields Inc
grocery_net|randomized_Swaniawski, Bahringer and Ledner
grocery_net|randomized_Collier Inc
grocery_net|randomized_Adams, Kovacek and Kuhlman
grocery_net|randomized_Dach-Borer
grocery_net|randomized_Cassin-Harvey
grocery_net|randomized_Hintz-Bruen
grocery_net|randomized_Johnston, Nikolaus and Maggio
grocery_net|randomized_Smitham-Boehm
grocery_net|randomized_Kutch-Hegmann
grocery_net|randomized_Spinka-Welch
grocery_net|randomized_Wuckert-Walter
grocery_net|randomized_Towne, Walker and Borer
grocery_net|randomized_Spinka Inc
grocery_net|randomized_Kutch Group
grocery_net|randomized_Rutherford, Homenick and Bergstrom
grocery_net|randomized_Cummings Group
grocery_net|randomized_Pfeffer LLC
grocery_net|randomized_Runolfsson and Sons
grocery_net|randomized_Jaskolski-Dibbert
grocery_net|randomized_Rowe-Vandervort
grocery_net|randomized_Skiles-Ankunding
grocery_net|randomized_Trantow PLC
grocery_net|randomized_Emmerich-Luettgen
grocery_net|randomized_Rempel PLC
grocery_net|randomized_Smitham-Schiller
grocery_net|randomized_Ferry, Reichel and DuBuque
grocery_net|randomized_Kemmer-Reinger
grocery_net|randomized_Funk Group
grocery_net|randomized_Morar Inc
grocery_net|randomized_Gutmann Ltd
grocery_net|randomized_Dicki Ltd
grocery_net|randomized_Kling-Grant
grocery_net|randomized_Heller-Abshire
grocery_net|randomized_Stokes, Christiansen and Sipes
grocery_net|randomized_Swift, Bradtke and Marquardt
grocery_net|randomized_Tromp, Kerluke and Glover
grocery_net|randomized_Morissette, Weber and Wiegand
grocery_pos|randomized_Padberg-Welch
grocery_pos|randomized_Murray-Smitham
grocery_pos|randomized_Kuhic Inc
grocery_pos|randomized_Cartwright-Harris
grocery_pos|randomized_Kiehn-Emmerich
grocery_pos|randomized_Koepp-Parker
grocery_pos|randomized_Mosciski, Gislason and Mertz
grocery_pos|randomized_Auer-Mosciski
grocery_pos|randomized_Kovacek, Dibbert and Ondricka
grocery_pos|randomized_Lockman Ltd
grocery_pos|randomized_Rutherford-Mertz
grocery_pos|randomized_Goldner, Kovacek and Abbott
grocery_pos|randomized_Bailey-Morar
grocery_pos|randomized_Koepp-Witting
grocery_pos|randomized_Miller-Hauck
grocery_pos|randomized_Bradtke PLC
grocery_pos|randomized_Schoen, Kuphal and Nitzsche
grocery_pos|randomized_Stracke-Lemke
grocery_pos|randomized_Deckow-O'Conner
grocery_pos|randomized_Doyle Ltd
grocery_pos|randomized_Casper, Hand and Zulauf
grocery_pos|randomized_Wolf Inc
grocery_pos|randomized_Rau and Sons
grocery_pos|randomized_Kutch and Sons
grocery_pos|randomized_DuBuque LLC
grocery_pos|randomized_Bauch-Raynor
grocery_pos|randomized_Kunze Inc
grocery_pos|randomized_Kilback LLC
grocery_pos|randomized_Schultz, Simonis and Little
grocery_pos|randomized_O'Keefe-Hudson
grocery_pos|randomized_Hackett-Lueilwitz
grocery_pos|randomized_Barton Inc
grocery_pos|randomized_Goodwin-Nitzsche
grocery_pos|randomized_Kiehn Inc
grocery_pos|randomized_Schumm, Bauch and Ondricka
grocery_pos|randomized_Heidenreich PLC
grocery_pos|randomized_Hudson-Ratke
grocery_pos|randomized_Vandervort-Funk
grocery_pos|randomized_Schamberger-O'Keefe
grocery_pos|randomized_Huel, Hammes and Witting
grocery_pos|randomized_Rowe, Batz and Goodwin
grocery_pos|randomized_Cole PLC
grocery_pos|randomized_Heller, Gutmann and Zieme
grocery_pos|randomized_Moen, Reinger and Murphy
grocery_pos|randomized_Osinski, Ledner and Leuschke
grocery_pos|randomized_Bogisich Inc
grocery_pos|randomized_McDermott-Weimann
grocery_pos|randomized_Pacocha-O'Reilly
grocery_pos|randomized_Lockman, West and Runte
grocery_pos|randomized_Strosin-Cruickshank
pharmacy|randomized_Cormier-Bechtelar
pharmacy|randomized_O'Conner Ltd
pharmacy|randomized_Carter Group
pharmacy|randomized_Green-Pacocha
pharmacy|randomized_Ratke Group
pharmacy|randomized_Kozey Group
pharmacy|randomized_Jerde Inc
pharmacy|randomized_Lindgren-Langosh
pharmacy|randomized_Klein and Sons
pharmacy|randomized_Barton and Sons
pharmacy|randomized_Terry-Ratke
pharmacy|randomized_Stokes-Kemmer
pharmacy|randomized_Nitzsche Ltd
pharmacy|randomized_Leuschke-Heller
pharmacy|randomized_Stroman, Kilback and Schowalter
pharmacy|randomized_Rau, Yundt and Marks
pharmacy|randomized_Prohaska Group
pharmacy|randomized_Breitenberg, Mitchell and Hegmann
pharmacy|randomized_Cummings-Lubowitz
pharmacy|randomized_Heidenreich and Sons
pharmacy|randomized_Feest PLC
pharmacy|randomized_Abbott Group
pharmacy|randomized_Torphy-Walter
pharmacy|randomized_Johnston-Hansen
pharmacy|randomized_Homenick-Block
pharmacy|randomized_Ziemann-Cronin
pharmacy|randomized_Herman Ltd
pharmacy|randomized_Ebert PLC
pharmacy|randomized_Casper, Cole and Labadie
pharmacy|randomized_DuBuque, Treutel and Bogisich
pharmacy|randomized_Muller-Kertzmann
pharmacy|randomized_Medhurst-Roob
pharmacy|randomized_Rohan-Grant
pharmacy|randomized_Kuhic Inc
pharmacy|randomized_Kohler and Sons
pharmacy|randomized_Farrell Inc
pharmacy|randomized_Berge, Satterfield and Howe
pharmacy|randomized_Lebsack Inc
pharmacy|randomized_Little, Tillman and Will
pharmacy|randomized_Schowalter-Hilll
pharmacy|randomized_Ferry-White
pharmacy|randomized_Bartoletti Inc
pharmacy|randomized_Wuckert, Hahn and VonRueden
pharmacy|randomized_Dickinson, Daniel and Schmidt
pharmacy|randomized_Hammes Ltd
pharmacy|randomized_Quigley-Kutch
pharmacy|randomized_Hirthe LLC
pharmacy|randomized_Huels, Cole and Hand
pharmacy|randomized_Wintheiser PLC
pharmacy|randomized_Kozey, Conn and Hammes
misc_net|randomized_Lehner, Mosciski and King
misc_net|randomized_Hayes, Marquardt and Dibbert
misc_net|randomized_Kerluke Inc
misc_net|randomized_Nader-Heller
misc_net|randomized_Flatley-Durgan
misc_net|randomized_McGlynn-Heathcote
misc_net|randomized_Kerluke, Kertzmann and Wiza
misc_net|randomized_Kerluke PLC
misc_net|randomized_Donnelly PLC
misc_net|randomized_Durgan-Auer
misc_net|randomized_Kris-Weimann
misc_net|randomized_Koelpin and Sons
misc_net|randomized_Ruecker Group
misc_net|randomized_Corwin-Gorczany
misc_net|randomized_Dooley-Thompson
misc_net|randomized_Greenfelder, Bartoletti and Davis
misc_net|randomized_Brown PLC
misc_net|randomized_Tillman, Fritsch and Schmitt
misc_net|randomized_Volkman Ltd
misc_net|randomized_Dach-Nader
misc_net|randomized_Rippin, Kub and Mann
misc_net|randomized_Herman, Treutel and Dickens
misc_net|randomized_Jaskolski-Vandervort
misc_net|randomized_Huel-Langworth
misc_net|randomized_Kerluke, Considine and Macejkovic
misc_net|randomized_Johnson, Runolfsdottir and Mayer
misc_net|randomized_Bogisich-Homenick
misc_net|randomized_Stehr, Jewess and Schimmel
misc_net|randomized_Rohan, White and Aufderhar
misc_net|randomized_Kuphal-Predovic
misc_net|randomized_Bednar Group
misc_net|randomized_Welch Inc
misc_net|randomized_Jones, Sawayn and Romaguera
misc_net|randomized_Hamill-Daugherty
misc_net|randomized_Lebsack and Sons
misc_net|randomized_Schmitt Ltd
misc_net|randomized_Kunde-Sanford
misc_net|randomized_Mante Group
misc_net|randomized_Rodriguez, Yost and Jenkins
misc_net|randomized_Moore, Dibbert and Koepp
misc_net|randomized_Ferry, Lynch and Kautzer
misc_net|randomized_Block-Parisian
misc_net|randomized_Zemlak Group
misc_net|randomized_Miller-Harris
misc_net|randomized_Huel Ltd
misc_net|randomized_Kuhn LLC
misc_net|randomized_Kuphal-Bartoletti
misc_net|randomized_Parisian, Schiller and Altenwerth
misc_net|randomized_Klocko LLC
misc_net|randomized_Bernier, Volkman and Hoeger
misc_pos|randomized_Keeling-Crist
misc_pos|randomized_Wiza, Schaden and Stark
misc_pos|randomized_Boehm, Predovic and Reinger
misc_pos|randomized_Simonis-Prohaska
misc_pos|randomized_Flatley Group
misc_pos|randomized_Wisozk and Sons
misc_pos|randomized_Cremin, Hamill and Reichel
misc_pos|randomized_Block Group
misc_pos|randomized_Reynolds-Schinner
misc_pos|randomized_Haley Group
misc_pos|randomized_Christiansen-Gusikowski
misc_pos|randomized_Howe Ltd
misc_pos|randomized_Torp-Lemke
misc_pos|randomized_Maggio-Fahey
misc_pos|randomized_Boyer PLC
misc_pos|randomized_Lehner, Reichert and Mills
misc_pos|randomized_Yost, Block and Koepp
misc_pos|randomized_Turcotte-Halvorson
misc_pos|randomized_Towne LLC
misc_pos|randomized_Eichmann-Russel
misc_pos|randomized_Stiedemann Inc
misc_pos|randomized_Wintheiser, Dietrich and Schimmel
misc_pos|randomized_McDermott-Rice
misc_pos|randomized_Bruen-Yost
misc_pos|randomized_McCullough LLC
misc_pos|randomized_Gutmann-Upton
misc_pos|randomized_Kemmer-Buckridge
misc_pos|randomized_Herman Inc
misc_pos|randomized_Buckridge PLC
misc_pos|randomized_Terry, Johns and Bins
misc_pos|randomized_Balistreri-Nader
misc_pos|randomized_Roberts-Beahan
misc_pos|randomized_Dickinson Ltd
misc_pos|randomized_Spencer-Runolfsson
misc_pos|randomized_Hermann-Gaylord
misc_pos|randomized_Dickinson-Rempel
misc_pos|randomized_Smith-Stokes
misc_pos|randomized_Monahan, Bogisich and Ledner
misc_pos|randomized_Williamson LLC
misc_pos|randomized_Stamm-Rodriguez
misc_pos|randomized_Schmeler Inc
misc_pos|randomized_McGlynn-Jaskolski
misc_pos|randomized_Nienow, Ankunding and Collier
misc_pos|randomized_Herzog Ltd
misc_pos|randomized_Halvorson Group
misc_pos|randomized_Boehm, Block and Jakubowski
misc_pos|randomized_Turner, Ruecker and Parisian
misc_pos|randomized_Thiel PLC
misc_pos|randomized_Wiza LLC
misc_pos|randomized_Gislason Group
shopping_net|randomized_Cormier LLC
shopping_net|randomized_Reichert, Rowe and Mraz
shopping_net|randomized_Bashirian Group
shopping_net|randomized_Langworth, Boehm and Gulgowski
shopping_net|randomized_Greenholt, O'Hara and Balistreri
shopping_net|randomized_Kozey-Boehm
shopping_net|randomized_Boyer-Reichert
shopping_net|randomized_Heathcote LLC
shopping_net|randomized_Boyer PLC
shopping_net|randomized_Kerluke-Abshire
shopping_net|randomized_Gerlach Inc
shopping_net|randomized_Goyette Inc
shopping_net|randomized_Baumbach, Feeney and Morar
shopping_net|randomized_Gottlieb, Considine and Schultz
shopping_net|randomized_Kuhic, Bins and Pfeffer
shopping_net|randomized_Kassulke PLC
shopping_net|randomized_Reichert, Shanahan and Hayes
shopping_net|randomized_Stanton, Jakubowski and Baumbach
shopping_net|randomized_Jast Ltd
shopping_net|randomized_Schmidt and Sons
shopping_net|randomized_Kuhic LLC
shopping_net|randomized_Schmeler, Bashirian and Price
shopping_net|randomized_Ruecker, Beer and Collier
shopping_net|randomized_Heathcote, Yost and Kertzmann
shopping_net|randomized_Little, Gutmann and Lynch
shopping_net|randomized_Predovic Inc
shopping_net|randomized_Romaguera, Cruickshank and Greenholt
shopping_net|randomized_Hills-Witting
shopping_net|randomized_Fisher Inc
shopping_net|randomized_Mohr-Bayer
shopping_net|randomized_Lemke-Gutmann
shopping_net|randomized_Gleason-Macejkovic
shopping_net|randomized_Mosciski, Ziemann and Farrell
shopping_net|randomized_Schumm PLC
shopping_net|randomized_Zboncak, Rowe and Murazik
shopping_net|randomized_Fisher-Schowalter
shopping_net|randomized_Rempel Inc
shopping_net|randomized_Medhurst PLC
shopping_net|randomized_Kihn, Abernathy and Douglas
shopping_net|randomized_Stamm-Witting
shopping_net|randomized_Towne, Greenholt and Koepp
shopping_net|randomized_Volkman-Predovic
shopping_net|randomized_Altenwerth, Cartwright and Koss
shopping_net|randomized_Price Inc
shopping_net|randomized_Ankunding LLC
shopping_net|randomized_Terry-Huel
shopping_net|randomized_Streich, Dietrich and Barton
shopping_net|randomized_Labadie, Treutel and Bode
shopping_net|randomized_Auer-West
shopping_net|randomized_Reichert, Huels and Hoppe
shopping_pos|randomized_Roob, Conn and Tremblay
shopping_pos|randomized_Pfeffer and Sons
shopping_pos|randomized_Goyette, Howell and Collier
shopping_pos|randomized_Weimann, Kuhic and Beahan
shopping_pos|randomized_Stoltenberg-Beatty
shopping_pos|randomized_Watsica, Haag and Considine
shopping_pos|randomized_Swaniawski, Lowe and Robel
shopping_pos|randomized_Kris-Padberg
shopping_pos|randomized_Baumbach, Strosin and Nicolas
shopping_pos|randomized_Pacocha-Bauch
shopping_pos|randomized_Quitzon, Green and Bashirian
shopping_pos|randomized_Morissette PLC
shopping_pos|randomized_Willms, Kris and Bergnaum
shopping_pos|randomized_Lesch Ltd
shopping_pos|randomized_Macejkovic-Lesch
shopping_pos|randomized_Turner and Sons
shopping_pos|randomized_Lynch Ltd
shopping_pos|randomized_Hickle Group
shopping_pos|randomized_Barrows PLC
shopping_pos|randomized_Beier-Hyatt
shopping_pos|randomized_Haley, Jewess and Bechtelar
shopping_pos|randomized_Schuppe, Nolan and Hoeger
shopping_pos|randomized_Hermann and Sons
shopping_pos|randomized_Botsford Ltd
shopping_pos|randomized_Jast-McDermott
shopping_pos|randomized_Jacobi and Sons
shopping_pos|randomized_Mohr Inc
shopping_pos|randomized_Pagac LLC
shopping_pos|randomized_Sawayn PLC
shopping_pos|randomized_Pouros-Conroy
shopping_pos|randomized_Baumbach, Hodkiewicz and Walsh
shopping_pos|randomized_Hudson-Grady
shopping_pos|randomized_Bernhard, Grant and Langworth
shopping_pos|randomized_Mayert Group
shopping_pos|randomized_Conroy Ltd
shopping_pos|randomized_Metz-Boehm
shopping_pos|randomized_Douglas, Schneider and Turner
shopping_pos|randomized_Torphy-Goyette
shopping_pos|randomized_Friesen Inc
shopping_pos|randomized_Kihn Inc
shopping_pos|randomized_Kuhn LLC
shopping_pos|randomized_Nitzsche, Kessler and Wolff
shopping_pos|randomized_Pouros-Haag
shopping_pos|randomized_Dooley Inc
shopping_pos|randomized_Daugherty, Pouros and Beahan
shopping_pos|randomized_Bins, Balistreri and Beatty
shopping_pos|randomized_Bahringer, Schoen and Corkery
shopping_pos|randomized_Okuneva, Schneider and Rau
shopping_pos|randomized_Jewess LLC
shopping_pos|randomized_Denesik and Sons
utilities|randomized_Herman, Rice and Hamill
utilities|randomized_Romaguera Ltd
utilities|randomized_Von Ltd
utilities|randomized_Lebsack Ltd
utilities|randomized_Torphy LLC
utilities|randomized_Kulas-Veum
utilities|randomized_D'Amore-Kozey
utilities|randomized_Gottlieb-Mayer
utilities|randomized_Nienow, Murphy and Von
utilities|randomized_Hirthe and Sons
utilities|randomized_Trantow, Barrows and Lehner
utilities|randomized_Abshire PLC
utilities|randomized_Brekke PLC
utilities|randomized_Stanton PLC
utilities|randomized_McDermott PLC
utilities|randomized_Huel PLC
utilities|randomized_Bergnaum-Kling
utilities|randomized_Waters-Farrell
utilities|randomized_Littel, Dare and Wuckert
utilities|randomized_Barrows, Veum and Sanford
utilities|randomized_Blick, Schroeder and Nader
utilities|randomized_Rutherford-Bradtke
utilities|randomized_Kuphal-Schmidt
utilities|randomized_Vandervort, Crooks and Lockman
utilities|randomized_Weber LLC
utilities|randomized_Gislason-Hills
utilities|randomized_Pouros LLC
utilities|randomized_Homenick Group
utilities|randomized_Steuber-Kertzmann
utilities|randomized_Hegmann Inc
utilities|randomized_Ratke-Herman
utilities|randomized_Parisian and Sons
utilities|randomized_Renner Inc
utilities|randomized_Lang-Leuschke
utilities|randomized_Hackett LLC
utilities|randomized_Zieme Group
utilities|randomized_Murphy Group
utilities|randomized_Gutkowski, Muller and McCullough
utilities|randomized_Mohr PLC
utilities|randomized_Gerlach Inc
utilities|randomized_Cruickshank PLC
utilities|randomized_Schoen-Stark
utilities|randomized_Labadie LLC
utilities|randomized_Ledner-Skiles
utilities|randomized_Wolf, Marks and Kovacek
utilities|randomized_Donnelly, Funk and Kerluke
utilities|randomized_Hills, Mosciski and Yundt
utilities|randomized_Mueller Group
utilities|randomized_Parker-Conn
utilities|randomized_Fadel, Green and Tillman
entertainment|randomized_Cruickshank-Mills
entertainment|randomized_Nienow PLC
entertainment|randomized_Grimes LLC
entertainment|randomized_Kilback and Sons
entertainment|randomized_Abbott-Rogahn
entertainment|randomized_Wilkinson Ltd
entertainment|randomized_Larson-Moen
entertainment|randomized_Morissette LLC
entertainment|randomized_Lind-Buckridge
entertainment|randomized_Nicolas, Hills and McGlynn
entertainment|randomized_Turcotte, McKenzie and Koss
entertainment|randomized_Johns Inc
entertainment|randomized_Larkin, Stracke and Greenfelder
entertainment|randomized_Upton PLC
entertainment|randomized_Douglas-White
entertainment|randomized_Gibson-Deckow
entertainment|randomized_Bins-Tillman
entertainment|randomized_Effertz, Welch and Schowalter
entertainment|randomized_Bauch-Blanda
entertainment|randomized_Parker, Nolan and Trantow
entertainment|randomized_Abshire PLC
entertainment|randomized_Donnelly LLC
entertainment|randomized_Dare-Marvin
entertainment|randomized_Thiel-Thiel
entertainment|randomized_Goldner-Lemke
entertainment|randomized_Schroeder, Hauck and Treutel
entertainment|randomized_Dibbert-Green
entertainment|randomized_Heaney-Marquardt
entertainment|randomized_Cormier, Stracke and Thiel
entertainment|randomized_Brown-Greenholt
entertainment|randomized_Hoppe, Harris and Bednar
entertainment|randomized_Effertz LLC
entertainment|randomized_Frami Group
entertainment|randomized_Cummerata-Hilpert
entertainment|randomized_Kling-Ernser
entertainment|randomized_Beier LLC
entertainment|randomized_Reichel Inc
entertainment|randomized_Spencer PLC
entertainment|randomized_Runolfsdottir, Mueller and Hand
entertainment|randomized_Schaefer, Fay and Hilll
entertainment|randomized_Stark-Batz
entertainment|randomized_Padberg-Rogahn
entertainment|randomized_Johns-Hoeger
entertainment|randomized_Welch, Rath and Koepp
entertainment|randomized_Fadel, Mertz and Rippin
entertainment|randomized_Howe PLC
entertainment|randomized_Schuppe LLC
entertainment|randomized_Dibbert and Sons
entertainment|randomized_Kassulke Inc
entertainment|randomized_Klein Group
food_dining|randomized_Schuppe-Schuppe
food_dining|randomized_McKenzie-Huels
food_dining|randomized_Bahringer, Osinski and Block
food_dining|randomized_Konopelski, Schneider and Hartmann
food_dining|randomized_Schumm, McLaughlin and Carter
food_dining|randomized_Koss, McLaughlin and Mayer
food_dining|randomized_Bechtelar-Rippin
food_dining|randomized_Stiedemann Ltd
food_dining|randomized_Feil, Hilpert and Koss
food_dining|randomized_Kihn-Schuster
food_dining|randomized_Powlowski-Weimann
food_dining|randomized_Hermiston, Russel and Price
food_dining|randomized_Graham, Hegmann and Hammes
food_dining|randomized_Haag-Blanda
food_dining|randomized_Will Ltd
food_dining|randomized_Kutch, Steuber and Gerhold
food_dining|randomized_Kilback LLC
food_dining|randomized_Ernser-Lynch
food_dining|randomized_Volkman PLC
food_dining|randomized_Kilback Group
food_dining|randomized_Harris Group
food_dining|randomized_Lesch, D'Amore and Brown
food_dining|randomized_Schulist Ltd
food_dining|randomized_O'Hara-Wilderman
food_dining|randomized_Jast and Sons
food_dining|randomized_Abernathy and Sons
food_dining|randomized_Hagenes, Kohler and Hoppe
food_dining|randomized_Turner, Ziemann and Lehner
food_dining|randomized_Conroy-Emard
food_dining|randomized_Jakubowski Group
food_dining|randomized_Deckow-Dare
food_dining|randomized_Kuphal-Toy
food_dining|randomized_Kihn-Fritsch
food_dining|randomized_Armstrong, Walter and Gottlieb
food_dining|randomized_Kuhn Group
food_dining|randomized_Zboncak Ltd
food_dining|randomized_Bernhard-Lesch
food_dining|randomized_Langosh, Wintheiser and Hyatt
food_dining|randomized_Runte-Mohr
food_dining|randomized_Connelly PLC
food_dining|randomized_Lakin, Ferry and Beatty
food_dining|randomized_Weber and Sons
food_dining|randomized_O'Keefe-Wisoky
food_dining|randomized_Zboncak LLC
food_dining|randomized_Leannon-Ward
food_dining|randomized_Schneider, Hayes and Nikolaus
food_dining|randomized_Daugherty-Thompson
food_dining|randomized_Bahringer-Streich
food_dining|randomized_McCullough, Hudson and Schuster
food_dining|randomized_Reinger, Weissnat and Strosin
health_fitness|randomized_Dare, Fritsch and Zboncak
health_fitness|randomized_Schroeder Group
health_fitness|randomized_Feil-Morar
health_fitness|randomized_Roob-Okuneva
health_fitness|randomized_Dietrich-Fadel
health_fitness|randomized_Schumm PLC
health_fitness|randomized_Runte, Green and Emard
health_fitness|randomized_Turcotte, Batz and Buckridge
health_fitness|randomized_Fadel-Hilpert
health_fitness|randomized_Klocko, Runolfsdottir and Breitenberg
health_fitness|randomized_Brown, Homenick and Lesch
health_fitness|randomized_Ledner, Hartmann and Feest
health_fitness|randomized_Kulas Group
health_fitness|randomized_Fritsch and Sons
health_fitness|randomized_Friesen Ltd
health_fitness|randomized_Torphy-Kertzmann
health_fitness|randomized_Conroy, Balistreri and Gorczany
health_fitness|randomized_Kertzmann LLC
health_fitness|randomized_Shields-Wunsch
health_fitness|randomized_Ziemann-Waters
health_fitness|randomized_Hintz, Bauch and Smith
health_fitness|randomized_Rippin-VonRueden
health_fitness|randomized_Torp, Muller and Borer
health_fitness|randomized_Jacobi Inc
health_fitness|randomized_Adams-Barrows
health_fitness|randomized_Cronin, Kshlerin and Weber
health_fitness|randomized_Cormier LLC
health_fitness|randomized_Graham and Sons
health_fitness|randomized_Bahringer Group
health_fitness|randomized_Hamill-D'Amore
health_fitness|randomized_Romaguera Ltd
health_fitness|randomized_Haley, Batz and Auer
health_fitness|randomized_Heller PLC
health_fitness|randomized_Thompson-Gleason
health_fitness|randomized_Fadel Inc
health_fitness|randomized_Kub-Heaney
health_fitness|randomized_Hills, Hegmann and Schaefer
health_fitness|randomized_Hermiston, Pacocha and Smith
health_fitness|randomized_Waters-Cruickshank
health_fitness|randomized_Mueller, Gerhold and Mueller
health_fitness|randomized_Hyatt, Russel and Gleichner
health_fitness|randomized_Greenholt Ltd
health_fitness|randomized_Dare-Gibson
health_fitness|randomized_Hirthe-Beier
health_fitness|randomized_Ratke and Sons
health_fitness|randomized_Carroll PLC
health_fitness|randomized_Erdman-Durgan
health_fitness|randomized_Swaniawski, Nitzsche and Welch
health_fitness|randomized_Mante, Luettgen and Hackett
health_fitness|randomized_Reilly and Sons
home|randomized_Botsford PLC
home|randomized_Renner Ltd
home|randomized_Ernser-Feest
home|randomized_Eichmann-Kilback
home|randomized_Kutch-Wilderman
home|randomized_O'Connell, Botsford and Hand
home|randomized_Hettinger, McCullough and Fay
home|randomized_Wuckert-Goldner
home|randomized_Moore, Williamson and Emmerich
home|randomized_O'Connell-Ullrich
home|randomized_Cole, Hills and Jewess
home|randomized_O'Reilly, Mohr and Purdy
home|randomized_Champlin and Sons
home|randomized_Gulgowski LLC
home|randomized_Schiller, Blanda and Johnson
home|randomized_Wuckert, Wintheiser and Friesen
home|randomized_Denesik, Powlowski and Pouros
home|randomized_Reilly LLC
home|randomized_Durgan, Gislason and Spencer
home|randomized_Champlin-Casper
home|randomized_Stark-Koss
home|randomized_Crist, Jakubowski and Littel
home|randomized_Windler, Goodwin and Kovacek
home|randomized_Witting, Beer and Ernser
home|randomized_Schmidt-Larkin
home|randomized_Koss, Hansen and Lueilwitz
home|randomized_Terry Ltd
home|randomized_Skiles LLC
home|randomized_Bahringer, Bergnaum and Quitzon
home|randomized_White and Sons
home|randomized_Beier and Sons
home|randomized_Gutmann, McLaughlin and Wiza
home|randomized_Lynch-Wisozk
home|randomized_Kutch-Ferry
home|randomized_Botsford and Sons
home|randomized_Padberg-Sauer
home|randomized_Altenwerth-Kilback
home|randomized_Kling, Howe and Schneider
home|randomized_Collier LLC
home|randomized_Pollich LLC
home|randomized_Quitzon-Goyette
home|randomized_Prosacco, Kreiger and Kovacek
home|randomized_Medhurst Inc
home|randomized_Gaylord-Powlowski
home|randomized_Jakubowski Inc
home|randomized_Berge-Ullrich
home|randomized_Connelly-Carter
home|randomized_Gerhold LLC
home|randomized_Streich Ltd
home|randomized_McDermott, Osinski and Morar
kids_pets|randomized_Yost, Schamberger and Windler
kids_pets|randomized_Gottlieb Group
kids_pets|randomized_Schaefer Ltd
kids_pets|randomized_Little Ltd
kids_pets|randomized_Bode-Schuster
kids_pets|randomized_Brown Inc
kids_pets|randomized_Goyette-Gerhold
kids_pets|randomized_Hauck, Dietrich and Funk
kids_pets|randomized_Weimann-Lockman
kids_pets|randomized_Windler LLC
kids_pets|randomized_Breitenberg-Hermiston
kids_pets|randomized_Lowe, Dietrich and Erdman
kids_pets|randomized_Gleason and Sons
kids_pets|randomized_Lubowitz-Walter
kids_pets|randomized_Barton LLC
kids_pets|randomized_Metz, Russel and Metz
kids_pets|randomized_Cartwright PLC
kids_pets|randomized_Weber, Thiel and Hammes
kids_pets|randomized_Ullrich Ltd
kids_pets|randomized_Pacocha-Weissnat
kids_pets|randomized_Pouros, Walker and Spencer
kids_pets|randomized_Bode-Rempel
kids_pets|randomized_Hoppe-Parisian
kids_pets|randomized_Crona and Sons
kids_pets|randomized_Ruecker-Mayert
kids_pets|randomized_Hammes-Beatty
kids_pets|randomized_Schoen-Quigley
kids_pets|randomized_Lang, Towne and Schuppe
kids_pets|randomized_Schoen Ltd
kids_pets|randomized_Waelchi-Wolf
kids_pets|randomized_Bernier and Sons
kids_pets|randomized_Bogisich-Weimann
kids_pets|randomized_Roberts, Daniel and Macejkovic
kids_pets|randomized_Schimmel-Olson
kids_pets|randomized_Waelchi Inc
kids_pets|randomized_Fahey Inc
kids_pets|randomized_Streich, Rolfson and Wilderman
kids_pets|randomized_Berge-Hills
kids_pets|randomized_Larkin Ltd
kids_pets|randomized_Wilkinson PLC
kids_pets|randomized_Rau-Grant
kids_pets|randomized_Hilpert-Conroy
kids_pets|randomized_Beer-Jast
kids_pets|randomized_Swift PLC
kids_pets|randomized_Romaguera, Wehner and Tromp
kids_pets|randomized_Rau-Robel
kids_pets|randomized_Dare, Casper and Bartoletti
kids_pets|randomized_Nolan-Williamson
kids_pets|randomized_Bednar PLC
kids_pets|randomized_Daugherty LLC
personal_care|randomized_Schiller Ltd
personal_care|randomized_Leffler-Goldner
personal_care|randomized_Erdman-Schaden
personal_care|randomized_Abbott-Steuber
personal_care|randomized_Emmerich-Rau
personal_care|randomized_Wilkinson LLC
personal_care|randomized_Osinski Inc
personal_care|randomized_Nienow, Barrows and Romaguera
personal_care|randomized_Homenick LLC
personal_care|randomized_Berge, Kautzer and Harris
personal_care|randomized_Zemlak, Tillman and Cremin
personal_care|randomized_Bradtke, Torp and Bahringer
personal_care|randomized_Prosacco LLC
personal_care|randomized_Kub PLC
personal_care|randomized_Nader-Maggio
personal_care|randomized_Auer LLC
personal_care|randomized_Parker-Kunde
personal_care|randomized_Rolfson-Kunde
personal_care|randomized_Roberts, Ryan and Smith
personal_care|randomized_Crooks and Sons
personal_care|randomized_Baumbach Ltd
personal_care|randomized_Bartoletti and Sons
personal_care|randomized_Marvin-Lind
personal_care|randomized_Shanahan-Lehner
personal_care|randomized_Dickinson Ltd
personal_care|randomized_Schmeler-Howe
personal_care|randomized_Langworth LLC
personal_care|randomized_Morissette-Schaefer
personal_care|randomized_Zulauf LLC
personal_care|randomized_Gottlieb-Hansen
personal_care|randomized_Becker, Harris and Harvey
personal_care|randomized_Kirlin and Sons
personal_care|randomized_Schoen, Nienow and Bauch
personal_care|randomized_Friesen-Ortiz
personal_care|randomized_Walter, Hettinger and Kessler
personal_care|randomized_Labadie LLC
personal_care|randomized_Hills-Boyer
personal_care|randomized_Watsica LLC
personal_care|randomized_Monahan-Morar
personal_care|randomized_Yost-Rogahn
personal_care|randomized_Kihn, Brakus and Goyette
personal_care|randomized_Erdman-Ebert
personal_care|randomized_Sporer-Keebler
personal_care|randomized_Reichel LLC
personal_care|randomized_Hahn, Bahringer and McLaughlin
personal_care|randomized_Medhurst, Cartwright and Ebert
personal_care|randomized_Kozey-Kuhlman
personal_care|randomized_Bins-Howell
personal_care|randomized_Kautzer and Sons
personal_care|randomized_Lubowitz, Terry and Stracke
travel|randomized_Larson, Quitzon and Spencer
travel|randomized_Kovacek Ltd
travel|randomized_Satterfield-Lowe
travel|randomized_Kozey-McDermott
travel|randomized_Corwin-Romaguera
travel|randomized_Hagenes, Hermann and Stroman
travel|randomized_Breitenberg LLC
travel|randomized_McLaughlin, Armstrong and Koepp
travel|randomized_Ritchie, Oberbrunner and Cremin
travel|randomized_Leannon-Nikolaus
travel|randomized_Ritchie, Bradtke and Stiedemann
travel|randomized_Hodkiewicz, Prohaska and Paucek
travel|randomized_Ebert-Daugherty
travel|randomized_Kunze, Larkin and Mayert
travel|randomized_Thiel Ltd
travel|randomized_Mosciski Group
travel|randomized_Lynch-Mohr
travel|randomized_Kris-Kertzmann
travel|randomized_Tillman LLC
travel|randomized_Turner LLC
travel|randomized_Lemke and Sons
travel|randomized_Eichmann, Hayes and Treutel
travel|randomized_Hyatt-Blick
travel|randomized_Hahn, Douglas and Schowalter
travel|randomized_Fritsch LLC
travel|randomized_Reichert-Weissnat
travel|randomized_Veum-Koelpin
travel|randomized_Jerde-Hermann
travel|randomized_Romaguera and Sons
travel|randomized_Bednar Inc
travel|randomized_Ankunding-Carroll
travel|randomized_Johnston-Casper
travel|randomized_Boyer-Haley
travel|randomized_Gislason Group
travel|randomized_Reichel, Bradtke and Blanda
travel|randomized_Little-Gleichner
travel|randomized_Tromp Group
travel|randomized_Monahan, Hermann and Johns
travel|randomized_Treutel-King
travel|randomized_Kessler Group
travel|randomized_Champlin, Rolfson and Connelly
travel|randomized_Schroeder, Wolff and Hermiston
travel|randomized_Kilback, Nitzsche and Leffler
travel|randomized_Medhurst, Labadie and Gottlieb
travel|randomized_Hartmann, Rowe and Hermann
travel|randomized_Hackett Group
travel|randomized_Block-Hauck
travel|randomized_Kessler Inc
travel|randomized_Goyette-Herzog
travel|randomized_Douglas, DuBuque and McKenzie